{
    "epoch_49": 0.27080887309325996,
    "epoch_99": 0.19833553760900202,
    "epoch_149": 0.3482019315862546,
    "epoch_199": 0.3261495068528315,
    "epoch_249": 0.31884783938781425,
    "epoch_299": 0.15569215733562647,
    "epoch_349": 0.1545348258747945,
    "epoch_399": 0.35663804820822553,
    "epoch_449": 0.1323826321009522,
    "epoch_499": 0.3039993245290018,
    "epoch_549": 0.17418406517029744,
    "epoch_599": 0.10474428432021621,
    "epoch_649": 0.08085025607132622,
    "epoch_699": 0.10241912357390728,
    "epoch_749": 0.1541003718371022,
    "epoch_799": 0.0845800863710267,
    "epoch_849": 0.23592783645564874,
    "epoch_899": 0.12466089192215775,
    "epoch_949": 0.1384607403981756,
    "epoch_999": 0.19158173746355905,
    "epoch_1049": 0.23447936238302286,
    "epoch_1099": 0.07994224099358341,
    "epoch_1149": 0.09878821696195265,
    "epoch_1199": 0.10741583341949132,
    "epoch_1249": 0.1585570875046851,
    "epoch_1299": 0.1687554317924288,
    "epoch_1349": 0.36362507501533053,
    "epoch_1399": 0.12168366451192987,
    "epoch_1449": 0.10910250521727256,
    "epoch_1499": 0.10607639141602432,
    "epoch_1549": 0.06429891534020446,
    "epoch_1599": 0.10472235102988774,
    "epoch_1649": 0.14890470029830502,
    "epoch_1699": 0.1237773470361564,
    "epoch_1749": 0.14479736632767587,
    "epoch_1799": 0.1333910131809956,
    "epoch_1849": 0.0848171076894678,
    "epoch_1899": 0.09873042200315732,
    "epoch_1949": 0.18611332273666872,
    "epoch_1999": 0.07104059464602239
}