{
    "epoch_49": 0.06579234095521584,
    "epoch_99": 0.02872375126263676,
    "epoch_149": 0.028751163100914738,
    "epoch_199": 0.02366687307174456,
    "epoch_249": 0.03028934064504295,
    "epoch_299": 0.023537855451859536,
    "epoch_349": 0.027573017923507158,
    "epoch_399": 0.021486558011145008,
    "epoch_449": 0.024045928594923917,
    "epoch_499": 0.023600340776834726,
    "epoch_549": 0.021214457802794923,
    "epoch_599": 0.020188698901070872,
    "epoch_649": 0.019987572044552364,
    "epoch_699": 0.02101450596964336,
    "epoch_749": 0.017601817582503933,
    "epoch_799": 0.020552739990133875,
    "epoch_849": 0.018444455997994807,
    "epoch_899": 0.020787708245958637,
    "epoch_949": 0.016600155108461197,
    "epoch_999": 0.018016879489724594,
    "epoch_1049": 0.0159333934149132,
    "epoch_1099": 0.015016918125238898,
    "epoch_1149": 0.014960943550616942,
    "epoch_1199": 0.01643460819644093,
    "epoch_1249": 0.018223545185220548,
    "epoch_1299": 0.014751605914048666,
    "epoch_1349": 0.01819579097463725,
    "epoch_1399": 0.015412606750182545,
    "epoch_1449": 0.013332284914269984,
    "epoch_1499": 0.0141744802114558,
    "epoch_1549": 0.016576469137616116,
    "epoch_1599": 0.015291249595147285,
    "epoch_1649": 0.015558391019794827,
    "epoch_1699": 0.01564697857229428,
    "epoch_1749": 0.016731022134295816,
    "epoch_1799": 0.018665379103130784,
    "epoch_1849": 0.031268745249548924,
    "epoch_1899": 0.02297514090378836,
    "epoch_1949": 0.02543548456971632,
    "epoch_1999": 0.01986520754229413
}